Workbook

Sheet 使用说明
A1: 销售 Dashboard Excel 模板 / Sales Dashboard Excel Template
A3: 项目 / Item | B3: 说明 / Description
A4: 用途 / Purpose | B4: 这份模板用于整理销售员业绩、单数、公司/供应商、Plan Type 与生效状态数据，后续可直接导入 dashboard。 / This template is used to organize salesperson performance, case count, company/vendor, plan type and inforce status data for direct dashboard import.
A5: 填写顺序 / Workflow | B5: 先填“销售员主数据”，再检查“分类配置”，最后填“销售明细”。 / Fill 'Salesperson Master Data' first, then review 'Category Setup', and finally complete 'Sales Detail'.
A6: 新增分类 / New Categories | B6: 如果有新的产品线、供应商或 Plan Type，请先到“分类配置”新增，再回到“销售明细”填写。 / Add new product lines, vendors or plan types in 'Category Setup' first, then use them in 'Sales Detail'.
A7: 产品线预置 / Default Product Lines | B7: 已预置：Life、Medical、General、Others、SSS。 / Preloaded: Life, Medical, General, Others, SSS.
A8: 供应商说明 / Vendor Note | B8: 提交日期 / Submission Date、保单/证书号 / Policy / Cert No.、保费金额 / Premium Amount、以及生效状态 / Inforce Status 已加入。 / Submission Date, Policy / Cert No., Premium Amount and Inforce Status are included.
A9: Plan Type 说明 / Plan Type Note | B9: Plan Type 放在产品线下面细分。 / Plan Type is a sub-category under product line.
A10: 明细必填 / Required Detail Fields | B10: 至少填写：提交日期、保单/证书号、客户名称、销售员ID、产品线、公司/供应商、Plan Type、保费金额。 / At minimum fill: Submission Date, Policy / Cert No., Client Name, Salesperson ID, Product Line, Company/Vendor, Plan Type and Premium Amount.
A11: 自动带出 / Auto-filled Fields | B11: 月份、销售员姓名、团队、地区会自动带出。生效状态建议填写 Submitted 或 Inforce。 / Month, salesperson name, team and region are auto-filled. Recommended inforce status values are Submitted or Inforce.

Sheet 销售员主数据
A1: 销售员ID / Salesperson ID | B1: 销售员姓名 / Salesperson Name | C1: 团队 / Team | D1: 地区 / Region | E1: 状态 / Status | F1: 入职日期 / Join Date
A2: S001 | B2: Jason Lim | C2: North | D2: Kuala Lumpur | E2: 在职 / Active | F2: 45292
A3: S002 | B3: Alicia Tan | C3: North | D3: Selangor | E3: 在职 / Active | F3: 45323
A4: S003 | B4: Marcus Lee | C4: Central | D4: Penang | E4: 在职 / Active | F4: 45352
A5: S004 | B5: Farah Noor | C5: Central | D5: Johor | E5: 在职 / Active | F5: 45383
A6: S005 | B6: Daniel Wong | C6: South | D6: Malacca | E6: 在职 / Active | F6: 45413
A7: S006 | B7: Nadia Ong | C7: South | D7: Sabah | E7: 在职 / Active | F7: 45444
A8: S007 | B8: Hafiz Rahman | C8: North | D8: Perak | E8: 在职 / Active | F8: 45474
A9: S008 | B9: Kelly Tan | C9: Central | D9: Negeri Sembilan | E9: 在职 / Active | F9: 45505

Sheet 分类配置
A1: 产品线 / Product Line | B1: 是否启用 / Active | C1: 备注 / Notes | E1: 公司/供应商 / Company/Vendor | F1: 是否启用 / Active | G1: 备注 / Notes | I1: 产品线 / Product Line | J1: Plan Type / 计划类型 | K1: 备注 / Notes
A2: Life | B2: Y | C2: 默认 / Default | E2: EPTS Life | F2: Y | G2: 示例 / Sample | I2: Life | J2: Life Secure | K2: 示例 / Sample
A3: Medical | B3: Y | C3: 默认 / Default | E3: MediPlus | F3: Y | G3: 示例 / Sample | I3: Life | J3: Family Life | K3: 示例 / Sample
A4: General | B4: Y | C4: 默认 / Default | E4: Alpha Cover | F4: Y | G4: 示例 / Sample | I4: Medical | J4: Medical Prime | K4: 示例 / Sample
A5: Others | B5: Y | C5: 新增 / New | E5: Melaka Partners | F5: Y | G5: 示例 / Sample | I5: General | J5: General Plus | K5: 示例 / Sample
A6: SSS | B6: Y | C6: 新增 / New | E6: SSS Direct | F6: Y | G6: 示例 / Sample | I6: Others | J6: Flex Shield | K6: 示例 / Sample
E7: Others Source | F7: Y | G7: 示例 / Sample | I7: Others | J7: Special Combo | K7: 示例 / Sample
E8: EPTS Specialty | F8: Y | G8: 示例 / Sample | I8: SSS | J8: SSS Starter | K8: 示例 / Sample
I9: SSS | J9: SSS Premier | K9: 示例 / Sample

Sheet 销售明细
A1: 提交日期 / Submission Date | B1: 月份 / Month | C1: 保单/证书号 / Policy / Cert No. | D1: 客户名称 / Client Name | E1: 销售员ID / Salesperson ID | F1: 销售员姓名 / Salesperson Name | G1: 团队 / Team | H1: 地区 / Region | I1: 产品线 / Product Line | J1: 公司/供应商 / Company/Vendor | K1: Plan Type / 计划类型 | L1: 保费金额(MYR) / Premium Amount (MYR) | M1: 生效状态 / Inforce Status | N1: 单数 / Case Count | O1: 备注 / Notes
A2: 46023 | B2: =IF(A2="","",TEXT(A2,"mmm")) | C2: ORD-2026-01-S001 | D2: Sample Client - Jason Lim - Jan | E2: S001 | F2: =IFERROR(INDEX(销售员主数据!$B$2:$B$101,MATCH($E2,销售员主数据!$A$2:$A$101,0)),"") | G2: =IFERROR(INDEX(销售员主数据!$C$2:$C$101,MATCH($E2,销售员主数据!$A$2:$A$101,0)),"") | H2: =IFERROR(INDEX(销售员主数据!$D$2:$D$101,MATCH($E2,销售员主数据!$A$2:$A$101,0)),"") | I2: Life | J2: EPTS Life | K2: Life Secure | L2: 88200 | M2: Inforce | N2: 14 | O2: Dashboard sample data / 仪表板示例数据
A3: 46054 | B3: =IF(A3="","",TEXT(A3,"mmm")) | C3: ORD-2026-02-S001 | D3: Sample Client - Jason Lim - Feb | E3: S001 | F3: =IFERROR(INDEX(销售员主数据!$B$2:$B$101,MATCH($E3,销售员主数据!$A$2:$A$101,0)),"") | G3: =IFERROR(INDEX(销售员主数据!$C$2:$C$101,MATCH($E3,销售员主数据!$A$2:$A$101,0)),"") | H3: =IFERROR(INDEX(销售员主数据!$D$2:$D$101,MATCH($E3,销售员主数据!$A$2:$A$101,0)),"") | I3: Life | J3: EPTS Life | K3: Life Secure | L3: 104300 | M3: Inforce | N3: 16 | O3: Dashboard sample data / 仪表板示例数据
A4: 46082 | B4: =IF(A4="","",TEXT(A4,"mmm")) | C4: ORD-2026-03-S001 | D4: Sample Client - Jason Lim - Mar | E4: S001 | F4: =IFERROR(INDEX(销售员主数据!$B$2:$B$101,MATCH($E4,销售员主数据!$A$2:$A$101,0)),"") | G4: =IFERROR(INDEX(销售员主数据!$C$2:$C$101,MATCH($E4,销售员主数据!$A$2:$A$101,0)),"") | H4: =IFERROR(INDEX(销售员主数据!$D$2:$D$101,MATCH($E4,销售员主数据!$A$2:$A$101,0)),"") | I4: Life | J4: EPTS Life | K4: Life Secure | L4: 136500 | M4: Inforce | N4: 19 | O4: Dashboard sample data / 仪表板示例数据
A5: 46113 | B5: =IF(A5="","",TEXT(A5,"mmm")) | C5: ORD-2026-04-S001 | D5: Sample Client - Jason Lim - Apr | E5: S001 | F5: =IFERROR(INDEX(销售员主数据!$B$2:$B$101,MATCH($E5,销售员主数据!$A$2:$A$101,0)),"") | G5: =IFERROR(INDEX(销售员主数据!$C$2:$C$101,MATCH($E5,销售员主数据!$A$2:$A$101,0)),"") | H5: =IFERROR(INDEX(销售员主数据!$D$2:$D$101,MATCH($E5,销售员主数据!$A$2:$A$101,0)),"") | I5: Life | J5: EPTS Life | K5: Life Secure | L5: 151800 | M5: Inforce | N5: 21 | O5: Dashboard sample data / 仪表板示例数据
A6: 46143 | B6: =IF(A6="","",TEXT(A6,"mmm")) | C6: ORD-2026-05-S001 | D6: Sample Client - Jason Lim - May | E6: S001 | F6: =IFERROR(INDEX(销售员主数据!$B$2:$B$101,MATCH($E6,销售员主数据!$A$2:$A$101,0)),"") | G6: =IFERROR(INDEX(销售员主数据!$C$2:$C$101,MATCH($E6,销售员主数据!$A$2:$A$101,0)),"") | H6: =IFERROR(INDEX(销售员主数据!$D$2:$D$101,MATCH($E6,销售员主数据!$A$2:$A$101,0)),"") | I6: Life | J6: EPTS Life | K6: Life Secure | L6: 180200 | M6: Inforce | N6: 23 | O6: Dashboard sample data / 仪表板示例数据
A7: 46174 | B7: =IF(A7="","",TEXT(A7,"mmm")) | C7: ORD-2026-06-S001 | D7: Sample Client - Jason Lim - Jun | E7: S001 | F7: =IFERROR(INDEX(销售员主数据!$B$2:$B$101,MATCH($E7,销售员主数据!$A$2:$A$101,0)),"") | G7: =IFERROR(INDEX(销售员主数据!$C$2:$C$101,MATCH($E7,销售员主数据!$A$2:$A$101,0)),"") | H7: =IFERROR(INDEX(销售员主数据!$D$2:$D$101,MATCH($E7,销售员主数据!$A$2:$A$101,0)),"") | I7: Life | J7: EPTS Life | K7: Life Secure | L7: 194300 | M7: Submitted | N7: 24 | O7: Dashboard sample data / 仪表板示例数据
A8: 46023 | B8: =IF(A8="","",TEXT(A8,"mmm")) | C8: ORD-2026-01-S002 | D8: Sample Client - Alicia Tan - Jan | E8: S002 | F8: =IFERROR(INDEX(销售员主数据!$B$2:$B$101,MATCH($E8,销售员主数据!$A$2:$A$101,0)),"") | G8: =IFERROR(INDEX(销售员主数据!$C$2:$C$101,MATCH($E8,销售员主数据!$A$2:$A$101,0)),"") | H8: =IFERROR(INDEX(销售员主数据!$D$2:$D$101,MATCH($E8,销售员主数据!$A$2:$A$101,0)),"") | I8: Medical | J8: MediPlus | K8: Medical Prime | L8: 79300 | M8: Inforce | N8: 12 | O8: Dashboard sample data / 仪表板示例数据
A9: 46054 | B9: =IF(A9="","",TEXT(A9,"mmm")) | C9: ORD-2026-02-S002 | D9: Sample Client - Alicia Tan - Feb | E9: S002 | F9: =IFERROR(INDEX(销售员主数据!$B$2:$B$101,MATCH($E9,销售员主数据!$A$2:$A$101,0)),"") | G9: =IFERROR(INDEX(销售员主数据!$C$2:$C$101,MATCH($E9,销售员主数据!$A$2:$A$101,0)),"") | H9: =IFERROR(INDEX(销售员主数据!$D$2:$D$101,MATCH($E9,销售员主数据!$A$2:$A$101,0)),"") | I9: Medical | J9: MediPlus | K9: Medical Prime | L9: 92800 | M9: Inforce | N9: 15 | O9: Dashboard sample data / 仪表板示例数据
A10: 46082 | B10: =IF(A10="","",TEXT(A10,"mmm")) | C10: ORD-2026-03-S002 | D10: Sample Client - Alicia Tan - Mar | E10: S002 | F10: =IFERROR(INDEX(销售员主数据!$B$2:$B$101,MATCH($E10,销售员主数据!$A$2:$A$101,0)),"") | G10: =IFERROR(INDEX(销售员主数据!$C$2:$C$101,MATCH($E10,销售员主数据!$A$2:$A$101,0)),"") | H10: =IFERROR(INDEX(销售员主数据!$D$2:$D$101,MATCH($E10,销售员主数据!$A$2:$A$101,0)),"") | I10: Medical | J10: MediPlus | K10: Medical Prime | L10: 125100 | M10: Inforce | N10: 17 | O10: Dashboard sample data / 仪表板示例数据
A11: 46113 | B11: =IF(A11="","",TEXT(A11,"mmm")) | C11: ORD-2026-04-S002 | D11: Sample Client - Alicia Tan - Apr | E11: S002 | F11: =IFERROR(INDEX(销售员主数据!$B$2:$B$101,MATCH($E11,销售员主数据!$A$2:$A$101,0)),"") | G11: =IFERROR(INDEX(销售员主数据!$C$2:$C$101,MATCH($E11,销售员主数据!$A$2:$A$101,0)),"") | H11: =IFERROR(INDEX(销售员主数据!$D$2:$D$101,MATCH($E11,销售员主数据!$A$2:$A$101,0)),"") | I11: Medical | J11: MediPlus | K11: Medical Prime | L11: 132400 | M11: Inforce | N11: 18 | O11: Dashboard sample data / 仪表板示例数据
A12: 46143 | B12: =IF(A12="","",TEXT(A12,"mmm")) | C12: ORD-2026-05-S002 | D12: Sample Client - Alicia Tan - May | E12: S002 | F12: =IFERROR(INDEX(销售员主数据!$B$2:$B$101,MATCH($E12,销售员主数据!$A$2:$A$101,0)),"") | G12: =IFERROR(INDEX(销售员主数据!$C$2:$C$101,MATCH($E12,销售员主数据!$A$2:$A$101,0)),"") | H12: =IFERROR(INDEX(销售员主数据!$D$2:$D$101,MATCH($E12,销售员主数据!$A$2:$A$101,0)),"") | I12: Medical | J12: MediPlus | K12: Medical Prime | L12: 164900 | M12: Inforce | N12: 20 | O12: Dashboard sample data / 仪表板示例数据
A13: 46174 | B13: =IF(A13="","",TEXT(A13,"mmm")) | C13: ORD-2026-06-S002 | D13: Sample Client - Alicia Tan - Jun | E13: S002 | F13: =IFERROR(INDEX(销售员主数据!$B$2:$B$101,MATCH($E13,销售员主数据!$A$2:$A$101,0)),"") | G13: =IFERROR(INDEX(销售员主数据!$C$2:$C$101,MATCH($E13,销售员主数据!$A$2:$A$101,0)),"") | H13: =IFERROR(INDEX(销售员主数据!$D$2:$D$101,MATCH($E13,销售员主数据!$A$2:$A$101,0)),"") | I13: Medical | J13: MediPlus | K13: Medical Prime | L13: 175800 | M13: Submitted | N13: 21 | O13: Dashboard sample data / 仪表板示例数据
... A49: 46174 | B49: =IF(A49="","",TEXT(A49,"mmm")) | C49: ORD-2026-06-S008 | D49: Sample Client - Kelly Tan - Jun | E49: S008 | F49: =IFERROR(INDEX(销售员主数据!$B$2:$B$101,MATCH($E49,销售员主数据!$A$2:$A$101,0)),"") | G49: =IFERROR(INDEX(销售员主数据!$C$2:$C$101,MATCH($E49,销售员主数据!$A$2:$A$101,0)),"") | H49: =IFERROR(INDEX(销售员主数据!$D$2:$D$101,MATCH($E49,销售员主数据!$A$2:$A$101,0)),"") | I49: Others | J49: EPTS Specialty | K49: Special Combo | L49: 108900 | M49: Submitted | N49: 13 | O49: Dashboard sample data / 仪表板示例数据
B50: =IF(A50="","",TEXT(A50,"mmm")) | F50: =IFERROR(INDEX(销售员主数据!$B$2:$B$101,MATCH($E50,销售员主数据!$A$2:$A$101,0)),"") | G50: =IFERROR(INDEX(销售员主数据!$C$2:$C$101,MATCH($E50,销售员主数据!$A$2:$A$101,0)),"") | H50: =IFERROR(INDEX(销售员主数据!$D$2:$D$101,MATCH($E50,销售员主数据!$A$2:$A$101,0)),"") | N50: =IF(COUNTBLANK(A50:L50)=12,"",1)
B51: =IF(A51="","",TEXT(A51,"mmm")) | F51: =IFERROR(INDEX(销售员主数据!$B$2:$B$101,MATCH($E51,销售员主数据!$A$2:$A$101,0)),"") | G51: =IFERROR(INDEX(销售员主数据!$C$2:$C$101,MATCH($E51,销售员主数据!$A$2:$A$101,0)),"") | H51: =IFERROR(INDEX(销售员主数据!$D$2:$D$101,MATCH($E51,销售员主数据!$A$2:$A$101,0)),"") | N51: =IF(COUNTBLANK(A51:L51)=12,"",1)
B52: =IF(A52="","",TEXT(A52,"mmm")) | F52: =IFERROR(INDEX(销售员主数据!$B$2:$B$101,MATCH($E52,销售员主数据!$A$2:$A$101,0)),"") | G52: =IFERROR(INDEX(销售员主数据!$C$2:$C$101,MATCH($E52,销售员主数据!$A$2:$A$101,0)),"") | H52: =IFERROR(INDEX(销售员主数据!$D$2:$D$101,MATCH($E52,销售员主数据!$A$2:$A$101,0)),"") | N52: =IF(COUNTBLANK(A52:L52)=12,"",1)
B53: =IF(A53="","",TEXT(A53,"mmm")) | F53: =IFERROR(INDEX(销售员主数据!$B$2:$B$101,MATCH($E53,销售员主数据!$A$2:$A$101,0)),"") | G53: =IFERROR(INDEX(销售员主数据!$C$2:$C$101,MATCH($E53,销售员主数据!$A$2:$A$101,0)),"") | H53: =IFERROR(INDEX(销售员主数据!$D$2:$D$101,MATCH($E53,销售员主数据!$A$2:$A$101,0)),"") | N53: =IF(COUNTBLANK(A53:L53)=12,"",1)
B54: =IF(A54="","",TEXT(A54,"mmm")) | F54: =IFERROR(INDEX(销售员主数据!$B$2:$B$101,MATCH($E54,销售员主数据!$A$2:$A$101,0)),"") | G54: =IFERROR(INDEX(销售员主数据!$C$2:$C$101,MATCH($E54,销售员主数据!$A$2:$A$101,0)),"") | H54: =IFERROR(INDEX(销售员主数据!$D$2:$D$101,MATCH($E54,销售员主数据!$A$2:$A$101,0)),"") | N54: =IF(COUNTBLANK(A54:L54)=12,"",1)
B55: =IF(A55="","",TEXT(A55,"mmm")) | F55: =IFERROR(INDEX(销售员主数据!$B$2:$B$101,MATCH($E55,销售员主数据!$A$2:$A$101,0)),"") | G55: =IFERROR(INDEX(销售员主数据!$C$2:$C$101,MATCH($E55,销售员主数据!$A$2:$A$101,0)),"") | H55: =IFERROR(INDEX(销售员主数据!$D$2:$D$101,MATCH($E55,销售员主数据!$A$2:$A$101,0)),"") | N55: =IF(COUNTBLANK(A55:L55)=12,"",1)
B56: =IF(A56="","",TEXT(A56,"mmm")) | F56: =IFERROR(INDEX(销售员主数据!$B$2:$B$101,MATCH($E56,销售员主数据!$A$2:$A$101,0)),"") | G56: =IFERROR(INDEX(销售员主数据!$C$2:$C$101,MATCH($E56,销售员主数据!$A$2:$A$101,0)),"") | H56: =IFERROR(INDEX(销售员主数据!$D$2:$D$101,MATCH($E56,销售员主数据!$A$2:$A$101,0)),"") | N56: =IF(COUNTBLANK(A56:L56)=12,"",1)
B57: =IF(A57="","",TEXT(A57,"mmm")) | F57: =IFERROR(INDEX(销售员主数据!$B$2:$B$101,MATCH($E57,销售员主数据!$A$2:$A$101,0)),"") | G57: =IFERROR(INDEX(销售员主数据!$C$2:$C$101,MATCH($E57,销售员主数据!$A$2:$A$101,0)),"") | H57: =IFERROR(INDEX(销售员主数据!$D$2:$D$101,MATCH($E57,销售员主数据!$A$2:$A$101,0)),"") | N57: =IF(COUNTBLANK(A57:L57)=12,"",1)
B58: =IF(A58="","",TEXT(A58,"mmm")) | F58: =IFERROR(INDEX(销售员主数据!$B$2:$B$101,MATCH($E58,销售员主数据!$A$2:$A$101,0)),"") | G58: =IFERROR(INDEX(销售员主数据!$C$2:$C$101,MATCH($E58,销售员主数据!$A$2:$A$101,0)),"") | H58: =IFERROR(INDEX(销售员主数据!$D$2:$D$101,MATCH($E58,销售员主数据!$A$2:$A$101,0)),"") | N58: =IF(COUNTBLANK(A58:L58)=12,"",1)
B59: =IF(A59="","",TEXT(A59,"mmm")) | F59: =IFERROR(INDEX(销售员主数据!$B$2:$B$101,MATCH($E59,销售员主数据!$A$2:$A$101,0)),"") | G59: =IFERROR(INDEX(销售员主数据!$C$2:$C$101,MATCH($E59,销售员主数据!$A$2:$A$101,0)),"") | H59: =IFERROR(INDEX(销售员主数据!$D$2:$D$101,MATCH($E59,销售员主数据!$A$2:$A$101,0)),"") | N59: =IF(COUNTBLANK(A59:L59)=12,"",1)
B60: =IF(A60="","",TEXT(A60,"mmm")) | F60: =IFERROR(INDEX(销售员主数据!$B$2:$B$101,MATCH($E60,销售员主数据!$A$2:$A$101,0)),"") | G60: =IFERROR(INDEX(销售员主数据!$C$2:$C$101,MATCH($E60,销售员主数据!$A$2:$A$101,0)),"") | H60: =IFERROR(INDEX(销售员主数据!$D$2:$D$101,MATCH($E60,销售员主数据!$A$2:$A$101,0)),"") | N60: =IF(COUNTBLANK(A60:L60)=12,"",1)
B61: =IF(A61="","",TEXT(A61,"mmm")) | F61: =IFERROR(INDEX(销售员主数据!$B$2:$B$101,MATCH($E61,销售员主数据!$A$2:$A$101,0)),"") | G61: =IFERROR(INDEX(销售员主数据!$C$2:$C$101,MATCH($E61,销售员主数据!$A$2:$A$101,0)),"") | H61: =IFERROR(INDEX(销售员主数据!$D$2:$D$101,MATCH($E61,销售员主数据!$A$2:$A$101,0)),"") | N61: =IF(COUNTBLANK(A61:L61)=12,"",1)
... B801: =IF(A801="","",TEXT(A801,"mmm")) | F801: =IFERROR(INDEX(销售员主数据!$B$2:$B$101,MATCH($E801,销售员主数据!$A$2:$A$101,0)),"") | G801: =IFERROR(INDEX(销售员主数据!$C$2:$C$101,MATCH($E801,销售员主数据!$A$2:$A$101,0)),"") | H801: =IFERROR(INDEX(销售员主数据!$D$2:$D$101,MATCH($E801,销售员主数据!$A$2:$A$101,0)),"") | N801: =IF(COUNTBLANK(A801:L801)=12,"",1)

Sheet 按销售员汇总
A1: 销售员 KPI 汇总 / Salesperson KPI Summary
A2: 总保费 / Total Premium | B2: =SUM(E5:E104) | C2: 总单数 / Total Cases | D2: =SUM(F5:F104) | E2: 平均单值 / Avg Case Value | F2: =IFERROR(B2/D2,0)
A4: 销售员ID / Salesperson ID | B4: 销售员姓名 / Salesperson Name | C4: 团队 / Team | D4: 地区 / Region | E4: 总保费(MYR) / Total Premium (MYR) | F4: 总单数 / Total Cases | G4: 平均单值(MYR) / Avg Case Value (MYR) | H4: 业绩占比 / Sales Share
A5: =销售员主数据!A2 | B5: =销售员主数据!B2 | C5: =销售员主数据!C2 | D5: =销售员主数据!D2 | E5: =IF($A5="","",SUMIFS(销售明细!$L$2:$L$801,销售明细!$E$2:$E$801,$A5)) | F5: =IF($A5="","",SUMIFS(销售明细!$N$2:$N$801,销售明细!$E$2:$E$801,$A5)) | G5: =IF($A5="","",IFERROR(E5/F5,0)) | H5: =IF($A5="","",IFERROR(E5/$B$2,0))
A6: =销售员主数据!A3 | B6: =销售员主数据!B3 | C6: =销售员主数据!C3 | D6: =销售员主数据!D3 | E6: =IF($A6="","",SUMIFS(销售明细!$L$2:$L$801,销售明细!$E$2:$E$801,$A6)) | F6: =IF($A6="","",SUMIFS(销售明细!$N$2:$N$801,销售明细!$E$2:$E$801,$A6)) | G6: =IF($A6="","",IFERROR(E6/F6,0)) | H6: =IF($A6="","",IFERROR(E6/$B$2,0))
A7: =销售员主数据!A4 | B7: =销售员主数据!B4 | C7: =销售员主数据!C4 | D7: =销售员主数据!D4 | E7: =IF($A7="","",SUMIFS(销售明细!$L$2:$L$801,销售明细!$E$2:$E$801,$A7)) | F7: =IF($A7="","",SUMIFS(销售明细!$N$2:$N$801,销售明细!$E$2:$E$801,$A7)) | G7: =IF($A7="","",IFERROR(E7/F7,0)) | H7: =IF($A7="","",IFERROR(E7/$B$2,0))
A8: =销售员主数据!A5 | B8: =销售员主数据!B5 | C8: =销售员主数据!C5 | D8: =销售员主数据!D5 | E8: =IF($A8="","",SUMIFS(销售明细!$L$2:$L$801,销售明细!$E$2:$E$801,$A8)) | F8: =IF($A8="","",SUMIFS(销售明细!$N$2:$N$801,销售明细!$E$2:$E$801,$A8)) | G8: =IF($A8="","",IFERROR(E8/F8,0)) | H8: =IF($A8="","",IFERROR(E8/$B$2,0))
A9: =销售员主数据!A6 | B9: =销售员主数据!B6 | C9: =销售员主数据!C6 | D9: =销售员主数据!D6 | E9: =IF($A9="","",SUMIFS(销售明细!$L$2:$L$801,销售明细!$E$2:$E$801,$A9)) | F9: =IF($A9="","",SUMIFS(销售明细!$N$2:$N$801,销售明细!$E$2:$E$801,$A9)) | G9: =IF($A9="","",IFERROR(E9/F9,0)) | H9: =IF($A9="","",IFERROR(E9/$B$2,0))
A10: =销售员主数据!A7 | B10: =销售员主数据!B7 | C10: =销售员主数据!C7 | D10: =销售员主数据!D7 | E10: =IF($A10="","",SUMIFS(销售明细!$L$2:$L$801,销售明细!$E$2:$E$801,$A10)) | F10: =IF($A10="","",SUMIFS(销售明细!$N$2:$N$801,销售明细!$E$2:$E$801,$A10)) | G10: =IF($A10="","",IFERROR(E10/F10,0)) | H10: =IF($A10="","",IFERROR(E10/$B$2,0))
A11: =销售员主数据!A8 | B11: =销售员主数据!B8 | C11: =销售员主数据!C8 | D11: =销售员主数据!D8 | E11: =IF($A11="","",SUMIFS(销售明细!$L$2:$L$801,销售明细!$E$2:$E$801,$A11)) | F11: =IF($A11="","",SUMIFS(销售明细!$N$2:$N$801,销售明细!$E$2:$E$801,$A11)) | G11: =IF($A11="","",IFERROR(E11/F11,0)) | H11: =IF($A11="","",IFERROR(E11/$B$2,0))
A12: =销售员主数据!A9 | B12: =销售员主数据!B9 | C12: =销售员主数据!C9 | D12: =销售员主数据!D9 | E12: =IF($A12="","",SUMIFS(销售明细!$L$2:$L$801,销售明细!$E$2:$E$801,$A12)) | F12: =IF($A12="","",SUMIFS(销售明细!$N$2:$N$801,销售明细!$E$2:$E$801,$A12)) | G12: =IF($A12="","",IFERROR(E12/F12,0)) | H12: =IF($A12="","",IFERROR(E12/$B$2,0))
A13: =销售员主数据!A10 | B13: =销售员主数据!B10 | C13: =销售员主数据!C10 | D13: =销售员主数据!D10 | E13: =IF($A13="","",SUMIFS(销售明细!$L$2:$L$801,销售明细!$E$2:$E$801,$A13)) | F13: =IF($A13="","",SUMIFS(销售明细!$N$2:$N$801,销售明细!$E$2:$E$801,$A13)) | G13: =IF($A13="","",IFERROR(E13/F13,0)) | H13: =IF($A13="","",IFERROR(E13/$B$2,0))
A14: =销售员主数据!A11 | B14: =销售员主数据!B11 | C14: =销售员主数据!C11 | D14: =销售员主数据!D11 | E14: =IF($A14="","",SUMIFS(销售明细!$L$2:$L$801,销售明细!$E$2:$E$801,$A14)) | F14: =IF($A14="","",SUMIFS(销售明细!$N$2:$N$801,销售明细!$E$2:$E$801,$A14)) | G14: =IF($A14="","",IFERROR(E14/F14,0)) | H14: =IF($A14="","",IFERROR(E14/$B$2,0))
A15: =销售员主数据!A12 | B15: =销售员主数据!B12 | C15: =销售员主数据!C12 | D15: =销售员主数据!D12 | E15: =IF($A15="","",SUMIFS(销售明细!$L$2:$L$801,销售明细!$E$2:$E$801,$A15)) | F15: =IF($A15="","",SUMIFS(销售明细!$N$2:$N$801,销售明细!$E$2:$E$801,$A15)) | G15: =IF($A15="","",IFERROR(E15/F15,0)) | H15: =IF($A15="","",IFERROR(E15/$B$2,0))
A16: =销售员主数据!A13 | B16: =销售员主数据!B13 | C16: =销售员主数据!C13 | D16: =销售员主数据!D13 | E16: =IF($A16="","",SUMIFS(销售明细!$L$2:$L$801,销售明细!$E$2:$E$801,$A16)) | F16: =IF($A16="","",SUMIFS(销售明细!$N$2:$N$801,销售明细!$E$2:$E$801,$A16)) | G16: =IF($A16="","",IFERROR(E16/F16,0)) | H16: =IF($A16="","",IFERROR(E16/$B$2,0))
... A104: =销售员主数据!A101 | B104: =销售员主数据!B101 | C104: =销售员主数据!C101 | D104: =销售员主数据!D101 | E104: =IF($A104="","",SUMIFS(销售明细!$L$2:$L$801,销售明细!$E$2:$E$801,$A104)) | F104: =IF($A104="","",SUMIFS(销售明细!$N$2:$N$801,销售明细!$E$2:$E$801,$A104)) | G104: =IF($A104="","",IFERROR(E104/F104,0)) | H104: =IF($A104="","",IFERROR(E104/$B$2,0))

Sheet 月度汇总
A1: 月度保费汇总 / Monthly Premium Summary
A2: 指标 / Metric | B2: Jan | C2: Feb | D2: Mar | E2: Apr | F2: May | G2: Jun | H2: Jul | I2: Aug | J2: Sep | K2: Oct | L2: Nov | M2: Dec
A3: 总保费(MYR) / Total Premium (MYR) | B3: =SUMIFS(销售明细!$L$2:$L$801,销售明细!$B$2:$B$801,B$2) | C3: =SUMIFS(销售明细!$L$2:$L$801,销售明细!$B$2:$B$801,C$2) | D3: =SUMIFS(销售明细!$L$2:$L$801,销售明细!$B$2:$B$801,D$2) | E3: =SUMIFS(销售明细!$L$2:$L$801,销售明细!$B$2:$B$801,E$2) | F3: =SUMIFS(销售明细!$L$2:$L$801,销售明细!$B$2:$B$801,F$2) | G3: =SUMIFS(销售明细!$L$2:$L$801,销售明细!$B$2:$B$801,G$2) | H3: =SUMIFS(销售明细!$L$2:$L$801,销售明细!$B$2:$B$801,H$2) | I3: =SUMIFS(销售明细!$L$2:$L$801,销售明细!$B$2:$B$801,I$2) | ... M3: =SUMIFS(销售明细!$L$2:$L$801,销售明细!$B$2:$B$801,M$2)
A4: 总单数 / Total Cases | B4: =SUMIFS(销售明细!$N$2:$N$801,销售明细!$B$2:$B$801,B$2) | C4: =SUMIFS(销售明细!$N$2:$N$801,销售明细!$B$2:$B$801,C$2) | D4: =SUMIFS(销售明细!$N$2:$N$801,销售明细!$B$2:$B$801,D$2) | E4: =SUMIFS(销售明细!$N$2:$N$801,销售明细!$B$2:$B$801,E$2) | F4: =SUMIFS(销售明细!$N$2:$N$801,销售明细!$B$2:$B$801,F$2) | G4: =SUMIFS(销售明细!$N$2:$N$801,销售明细!$B$2:$B$801,G$2) | H4: =SUMIFS(销售明细!$N$2:$N$801,销售明细!$B$2:$B$801,H$2) | I4: =SUMIFS(销售明细!$N$2:$N$801,销售明细!$B$2:$B$801,I$2) | ... M4: =SUMIFS(销售明细!$N$2:$N$801,销售明细!$B$2:$B$801,M$2)
